<?xml version="1.0" encoding="UTF-8"?>
<!DOCTYPE mapper PUBLIC "-//mybatis.org//DTD Mapper 3.0//EN" "http://mybatis.org/dtd/mybatis-3-mapper.dtd">
<mapper namespace="com.proj.beans.member.MemberDAO">

	<select id="select" resultType="com.proj.beans.member.MemberDTO">
		SELECT * FROM user_info
	</select>
	
	<select id="selectByUserId" resultType="com.proj.beans.member.MemberDTO">
		SELECT * FROM user_info WHERE user_id = #{user_id}
	</select>
	
	<select id="selectByEmail" resultType="com.proj.beans.member.MemberDTO">
		SELECT * FROM user_info WHERE email = #{email}
	</select>
	
	<insert id="insert" flushCache="true" parameterType="com.proj.beans.member.MemberDTO" keyProperty="user_id" useGeneratedKeys="true" keyColumn="user_id">
		INSERT INTO user_info (user_id, email, pw, name, address, tel, taste, kind, img, score, u_check, enabled)
		VALUES(USER_INFO_SEQ.nextval,#{email}, #{pw}, #{name}, #{address}, #{tel}, #{taste}, #{kind}, #{img}, 0, 0, 1)
	</insert>
	
	<insert id="insertTOUserInfoAuth" flushCache="true" parameterType="com.proj.beans.member.MemberAuthDTO">
		INSERT INTO user_auth (user_id, auth) VALUES(#{user_id}, #{auth})
	</insert>
	
	<select id="emailCheck" resultType="int">
		SELECT COUNT(*) FROM USER_INFO WHERE email = #{email}
	</select>
	
	<select id="nameCheck" resultType="int">
		SELECT count(*) FROM user_info WHERE name = #{name}
	</select>
	
	<update id="update" flushCache="true" parameterType="com.proj.beans.member.MemberDTO">
		UPDATE user_info SET name = #{name}, address = #{address}, tel = #{tel}, taste = #{taste}, kind = #{kind}, img = #{img} WHERE email = #{email}
	</update>
	
	<delete id="delete" parameterType="hashmap" flushCache="true">
		DELETE FROM user_info WHERE email = #{email} AND pw = #{pw}
	</delete>
	
	<delete id="deleteTOUserInfoAuth" flushCache="true">
		DELETE FROM user_auth where user_id = (SELECT user_id FROM user_info WHERE email = #{email})
	</delete>
	
	<select id="selectToEmail" parameterType="hashmap" resultType="com.proj.beans.member.MemberDTO">
		SELECT * FROM user_info WHERE name = #{name} AND tel = #{tel} 
	</select>
	
	<select id="selectToPassword" parameterType="hashmap" resultType="com.proj.beans.member.MemberDTO">
		SELECT * FROM user_info WHERE email = #{email} AND tel = #{tel}
	</select>
	
	<update id="updatePw" parameterType="hashmap" flushCache="true">
		UPDATE user_info SET pw = #{pw} WHERE email = #{email}
	</update>
	
	<select id="searchMember" parameterType="hashmap" resultType="com.proj.beans.member.MemberDTO">
		SELECT * FROM user_info WHERE email = #{email} OR name = #{name}
	</select>
	
	<select id="selectUserIdByEmail" resultType="int">
		SELECT user_id FROM user_info WHERE email = #{email}
	</select>
	
	<select id="selectName" resultType="String">
		SELECT name FROM user_info WHERE email = #{email} 
	</select>
	
	<select id="selectNameByUserId" resultType="String">
		SELECT name FROM user_info WHERE user_id = #{user_id}
	</select>
	
</mapper>