<?xml version="1.0" encoding="UTF-8"?>
<!DOCTYPE mapper PUBLIC "-//mybatis.org//DTD Mapper 3.0//EN" "http://mybatis.org/dtd/mybatis-3-mapper.dtd">
<mapper namespace="com.proj.beans.userRecipe.UserRecipeDAO">

	<select id="select" resultType="com.proj.beans.userRecipe.UserRecipeDTO">
		SELECT * FROM user_recipe
	</select>
	
	<select id="selectByRid" resultType="com.proj.beans.userRecipe.UserRecipeDTO">
		SELECT * FROM user_recipe WHERE user_rid = #{user_rid}
	</select>
	
	<select id="selectByKind" resultType="com.proj.beans.userRecipe.UserRecipeDTO">
		SELECT * FROM user_recipe WHERE kind = #{kind}
	</select>
	
	<select id="selectByTaste" resultType="com.proj.beans.userRecipe.UserRecipeDTO">
		SELECT * FROM user_recipe WHERE taste = #{taste}
	</select>
	
	<select id="selectByKindAndTaste" resultType="com.proj.beans.userRecipe.UserRecipeDTO">
		SELECT * FROM user_recipe WHERE kind = #{kind} AND taste = #{taste}
	</select>

</mapper>